train_loss,valid_loss
0.997610,0.965950
0.970673,0.964886
0.968956,0.963787
